stars,name,date,title,text,source,url,country
,rlse,,,"Very silly, but fairly amusing",StoryGraph,https://app.thestorygraph.com/book_reviews/a4357b2e-98df-4f9c-a3a1-2273cbc1aa39,
5,stephenastewart2,,,"Academia Obscure by Glen Wright explores the hidden humorous, bizarre and unexpected side of academia, looking at topics ranging from academics' love of their pets (and publishing with them too) to all the Easter eggs hidden in published articles. Just having finished by first semester of my PhD, this book was poignant (""publish or perish"" is a mantra I've heard several times already) and hilarious with all the things I can do in the future. This book shows that humor is important to hold onto during the rigor of academia, and I think Wright's book does an excellent job showing the hidden silly side of higher education. I'm definitely passing this book to the rest of my cohort.",StoryGraph,https://app.thestorygraph.com/book_reviews/a4357b2e-98df-4f9c-a3a1-2273cbc1aa39,
2,gerdaha,,,"This was a collection of modern academia related anecdotes. It wasn't bad, but I imagined something different when I bought it. I thought it would be more historical and, well, obscure.
The writing was OK, but the structure could have been better. It was broken down into sections with no real connection between then, except (I guess) that academia can be kind of funny.
I enjoyed some sections more and some less (the twitter section was so bland and redundant I almost stopped reading the book entirely).",StoryGraph,https://app.thestorygraph.com/book_reviews/a4357b2e-98df-4f9c-a3a1-2273cbc1aa39,
5,tcpentecost,,,"Absolutely hilarious. I love the blog and this is the blog on steroids. If you are in academia this will help you take yourself less seriously. Love it love it love it!,,,",StoryGraph,https://app.thestorygraph.com/book_reviews/a4357b2e-98df-4f9c-a3a1-2273cbc1aa39,
4,gboyzone2000,,,Just what I need. Some dose of academic humor to keep my brain sane.,StoryGraph,https://app.thestorygraph.com/book_reviews/a4357b2e-98df-4f9c-a3a1-2273cbc1aa39,
3,mariahblob,,,"Interesting, but reads more as a collection of blog posts than as a book. Hard to focus on (perhaps suitably to its topic) in long strides. Entertaining though!",StoryGraph,https://app.thestorygraph.com/book_reviews/a4357b2e-98df-4f9c-a3a1-2273cbc1aa39,
5,crys_tel,,,"This book is a hilarious account of what academia is about, the goods, the bads, the funs. The second paragraph of this book reads like the first day of my PhD and I am looking forward to see which parallels will be most evident.
The book makes a great gift to your PhD friends or if you are a PhD and wanna give people around you an idea of what you do, the book can explain that better than individual attempts (or so it often feels).",StoryGraph,https://app.thestorygraph.com/book_reviews/a4357b2e-98df-4f9c-a3a1-2273cbc1aa39,
,bridge_b00ks,,,Some interesting bits. Other parts especially the twitter stuff didn’t age well. But I’m not sure if that’s because of the cringeness of describing the pre-2017 or because musk bought twitter.,StoryGraph,https://app.thestorygraph.com/book_reviews/a4357b2e-98df-4f9c-a3a1-2273cbc1aa39,
5,Katie Brown,2018-03-20,"This is a hilarious, well-written, immensely entertaining book ...","This is a hilarious, well-written, immensely entertaining book. It's guaranteed to help you procrastinate writing your thesis (trust me). I will be buying this for my advisor and friends in academia.",Amazon,https://www.amazon.com/portal/customer-reviews/1783523417,United States
2,E,2019-12-18,"The ""holds up spork"" of academia literature","The book is really well put together, organized, and well researched. None of this helps get away from the fact that it's painful to read. I thought the book would catch it's stride eventually, but halfway through it still reads like tumbling down a hill end over end. The work endlessly repeats 'haha look at this funny thing in a research paper, oh look at this thing too so random haha'. Page after page of 2 paragraph synopses of jokes authors sneak into their papers. Reading this feels like I have ADHD, especially with the offensively excessive footnotes which are tactfully used to explain to the reader that Benjamin Franklin is a famous polymath, or to describe the scenery around some arbitrary UK building. In every other case the author takes no shame in using the footnotes to get the last word in on the joke even though he's the primary voice of the book. Good lord I've got a long sense of humor but this reads like a twitter feed.

2/5 good read if you have dementia and can't hold more than 10 lines of information at once.",Amazon,https://www.amazon.com/portal/customer-reviews/1783523417,United States
4,Athan,2018-03-17,"Very funny, hope he completes his PhD","My buddy Jerome and I (separately) read Liar’s Poker in the summer of ’90 so we both ended up at Salomon Brothers a year later. The place was packed with people like us who did not mind wasting their youth trading bonds, because (i) the money was good and (ii) childish behavior was, if anything, encouraged.

We knew we were living in some kind of golden age of misbehaving, so we started compiling a “fun file” of internal memos, emails, company results, axe sheets and publications that we hoped to publish one day. I left in ’97, Jerome in ’99 and the fun file was passed on to our wiser friend Stefan, who retired well before his 50th birthday and intends to publish!

“Academia Obscura” is not quite as good as the original Viz Profanisaurus that is to be found in our fun file (picture attached), but is an extremely thorough compendium of hilarious factoids relating to the much more serious world of academia.

It’s laugh-out-loud funny.

Personal favorites were the author’s views on self-citation (p. 153) and his presentation of important findings regarding socks (p. 177). Before reading this book I’d been led to believe it was gentlemen who are meant to always keep their socks on.

On the other hand, the author tweets the very best bits all the time, and I follow him, so this was a bit like when I went to see “Clerks” and my friend Nick had already told me about the kid that bought the cigarettes, the girl who was allowed to “do everything” by the dead man and “I’m your friend, I got you chicks with…”

So basically, if you already follow Academia Obscura on Twitter, you’ve already read the funniest bits. Then again, if you follow it you probably want to keep all those treasures in one place and a good, old-fashioned book is as safe a way as I know to keep it all in one place. It’s why I've kept my Profanisaurus, at any rate…",Amazon,https://www.amazon.com/portal/customer-reviews/1783523417,United States
5,dairwin,2017-11-22,No revisions necessary!,"This book is effectively a compendia of funnies. It is, in places, childish, immature and vulgar. All of these things serve to endear the book to me. As anybody who’s ever spent any time at conferences will tell you, they’re as much about meeting friends (old and new) for conversations which invariably involve much laughter. On the topic of conferences, I to have arrived (and delivered a paper for that matter) while hungover and been involved in a race for one of the few plug sockets (see the book)! It embodies a whole range of topics from the mildly funny to the completely ludicrous. Equally, it is written with a sense of humour. Quite often, when you read about humorous topics, academics have inexplicably managed to suck all the fun out of the topic being considered (much like dementors from Harry Potter – evidence for the paper cited that discusses what if Harry Potter were real). Not so here. Wright weaves an esoteric range of topics together with his own brand of humour and witticisms. It is a wonderfully funny book which, in read in the presence of non-academics my result in black looks when you burst out laughing, followed by blank looks when you try to explain it. Finally, to channel my inner “reviewer 2”, this book spends too much time dealing with scientific papers, and not enough with those for humanities. Also, still channeling said reviewer, Wright’s book is now dated because Twitter no longer uses 140 characters – something which academics, not usually synonymous with brevity, have vehemently condemned (usually using the full 280 characters).",Amazon,https://www.amazon.com/portal/customer-reviews/1783523417,United Kingdom
4,Donald 313,2018-02-07,If you are or were in academia...,"... some of the stuff described in the book seems much to familiar, but some of the material is just not necessary or even pretentious.",Amazon,https://www.amazon.com/portal/customer-reviews/1783523417,Germany
5,Hannah McFarlane,2017-11-25,"Excellent read, needs more footnotes","(It doesn't need more footnotes, I just like footnotes.)
An amusing and clever read, well-researched and the interviews and interludes are fun.
I really appreciated that the author has made note of events, topics, opinions from the weird world of academia that show the extent of sexism in the sciences, and I hope it's eye-opening to many readers.
Closing remarks: academics are cool.",Amazon,https://www.amazon.com/portal/customer-reviews/1783523417,United Kingdom
5,Bogdan Antonescu,2017-11-21,Funny and interesting,"A funny and interesting book about the ""hidden silly side of higher education"" (Wright 2017). Topics range from ""Academic Publishing"" (e.g., ATLAS Collaboration& Collaboration 2015 has 5,154 authors, 9 pages discussing the findings, and 24 pages listing the authors and their affiliations), and ""Impact & Outreach"" (e.g., Kardashian Index, Hall 2014, my K-index is 6.679 = ""Kardashian""...), to ""Conferences"" (e.g., conference bingo, an excellent activity that keeps you engaged and awake at conferences), and ""Academic Animals"" (e.g., Hetherington and Willard 1975).
Decision: highly recommended.",Amazon,https://www.amazon.com/portal/customer-reviews/1783523417,United Kingdom
3,Philipp G,2018-02-14,the perfect book to have a lying around,This is not a book you'll read from start to finish. It is one of those books you have lying around and flick trough for a laugh.,Amazon,https://www.amazon.com/portal/customer-reviews/1783523417,Germany
5,Luke,2017-11-18,"Funny, Clever, and Worth Every Penny","This book offers a look behind the paper curtain of academia revealing the silliness and humour boiling away just under the surface. Bursting with funny insights, stories of academic wit, and several well placed footnotes this book is a joy to read.",Amazon,https://www.amazon.com/portal/customer-reviews/1783523417,United Kingdom
5,Laura E. Williamson,2018-01-21,"Sadly, this is a really well researched study of ...","Sadly, this is a really well researched study of some of the Ivory Tower's dark dungeons, batty denizens, their weird foibles, and the sham posing of some of its would-be guardians. The smiles, frowns, and guffaws this book provokes could be severely damaging to the whole academic enterprise, especially were it to land in the hands of Republican legislators in the USA. Suppress this book, ban it, do not read it; hunt down the author, gag him (perhaps with rat underpants – see the index) and whip him with Oxford commas. May he finally get that PhD and be swallowed in the quagmire atop which the tower wobbles.",Amazon,https://www.amazon.com/portal/customer-reviews/1783523417,United Kingdom
5,Renee Berry,2017-12-19,Essential reading for all PhD students!,"A hilarious, poignant and fabulously written look into the funny side of an often not so funny institution. Buy it for everyone you know who works in academia, reads academic journals or is procrastinating their way through a PhD.",Amazon,https://www.amazon.com/portal/customer-reviews/1783523417,United Kingdom
5,JC,2019-04-19,Wonderful book,"Excellent book, should be a required reading before starting grad school. Gave me much needed perspective on my job as a PhD student.",Amazon,https://www.amazon.com/portal/customer-reviews/1783523417,United Kingdom
5,Chira Mihai-Alexandru,2019-05-06,Great and funny book,Bought this as a gift for my partner who's working in academia. We had a lot of fun reading it.,Amazon,https://www.amazon.com/portal/customer-reviews/1783523417,United Kingdom
5,A.way,2018-01-27,My new favorite book!,"This book is everything great, awkward, fantastic, and strange about higher ed. After just finishing my PhD, this was a pure joy to read.",Amazon,https://www.amazon.com/portal/customer-reviews/1783523417,United Kingdom
5,Amazon Customer,2017-11-19,Fascinating and hilarious insight into the world of academia -- and not just for academics,"I'm not an academic, but I loved it. Super-funny, obsessively researched and well-written. Buy it as a present or as a treat for yourself.",Amazon,https://www.amazon.com/portal/customer-reviews/1783523417,United Kingdom
5,lozza,2018-01-12,"This book is brilliant, so accurate and funny","This book is brilliant, so accurate and funny, would recommend to any academic, at certain points it was hilarious, also excellent for procrastinating.;)",Amazon,https://www.amazon.com/portal/customer-reviews/1783523417,United Kingdom
2,SocialD,2019-08-17,Sounded good in (academic) theory,"Perhaps I'm not sufficiently geeky but this one failed to resonate. Have picked it up about a dozen time, read a few times, and return it to its rightful spot on a shelf.",Amazon,https://www.amazon.com/portal/customer-reviews/1783523417,United Kingdom
5,Client d'Amazon,2018-02-06,Hilarious account of what academia looks like on the inside with points of interests for academics ...,Hilarious account of what academia looks like on the inside with points of interests for academics and non-academics alike,Amazon,https://www.amazon.com/portal/customer-reviews/1783523417,United Kingdom
5,M K,2017-11-19,A reference manual for every academic,"Every academic should have a copy, gift a copy, have another standby copy, and frame a copy",Amazon,https://www.amazon.com/portal/customer-reviews/1783523417,United Kingdom
5,Vedran Jagodnik,2018-02-01,Five Stars,Read it. You won't be sorry.,Amazon,https://www.amazon.com/portal/customer-reviews/1783523417,United Kingdom
5,Amazon Customer,2017-12-04,Five Stars,Funny and insightful. Great book.,Amazon,https://www.amazon.com/portal/customer-reviews/1783523417,United Kingdom
5,Lee Chak Keung,2017-12-28,Good condition,Arrived in good condition,Amazon,https://www.amazon.com/portal/customer-reviews/1783523417,United Kingdom
5,Amazon Customer,2017-12-11,Five Stars,"Every one that is an academic, or knows one, should own this.",Amazon,https://www.amazon.co.uk/portal/customer-reviews/1783526947,United Kingdom
4,constable59,2017-12-22,Academia Revealed,A must read for any academic in British universities. I have had personal experience or have heard stories of the numerous scenarios described in this warts and all account of higher education in the UK. One element seemed to be missing. Referees who demand a paper be shortened at the beginning of their review and then in the later stages of the review highlight a large number of areas where expansion of the argument would be helpful!! Can be dipped into at any point.,Amazon,https://www.amazon.co.uk/portal/customer-reviews/1783526947,United Kingdom
5,Melissa,2020-01-26,Hilarious and kind of Horrifying,"I'm on the fringes of Academia-a non-tenure-track adjunct professor with no publishing experience. I laughed out loud while reading this book! It helped me understand my tenure-track colleagues better, and why they can be so frustrating in faculty meetings! It's also helping me to decide once and for all not to pursue a PhD!",Amazon,https://www.amazon.co.uk/portal/customer-reviews/1783526947,United States
5,M Koole,2018-01-01,Puts things in perspective!,"Loved it! More, please!!! This book should be required reading for PhD students! The humour arises because of the underlying truths!!!",Amazon,https://www.amazon.co.uk/portal/customer-reviews/1783526947,Canada
5,Carlos,2018-01-09,Incredibly fun and informative.,One of the best satirical books I've ever read. it makes you laugh and then think about many elements related to academic life.,Amazon,https://www.amazon.co.uk/portal/customer-reviews/1783526947,Mexico
4,Carissa Gomes,2019-05-04,Really interesting read even for a non-academic,"It was absolutely informative and amusing. I shared the information acquired with all my friend, Albeit weird. Looking for a part two.",Amazon,https://www.amazon.co.uk/portal/customer-reviews/1783526947,United States
2,Debbie MacLellan,2019-07-31,Did not meet expectations.,"Although there are a few funny anecdotes in this book, in general it is not ver funny. I am not sure why there are so many footnotes and why each section of footnotes begins in the same way.",Amazon,https://www.amazon.co.uk/portal/customer-reviews/1783526947,Canada
5,Josh Bernoff - Bestselling Author and Writing Coach,2017-11-17,Academia is absurd -- it's about time somebody made fun of it properly,"This is a very silly book. If you are an academic, or live with one -- and provided you are willing to see the absurdity of every element of the system that academics are enmeshed in every hour of every day -- then you have to get a copy of this.

There is no better resource for understanding the cliches that academics use in papers (""Much ado about the null hypothesis""), the backbiting of anonymous peer review, the lengths to which academics go to procrastinate, or homosexual necrophiliac ducks.

Really, just paging through the tables and graphics is worth your time.

Best to read this in the loo, or alternatively, as an excuse for not doing your academic work. And as a dropout from the mathematics Ph.D. program and a purported expert on writing without BSWriting Without Bullshit: Boost Your Career by Saying What You Mean, I know whereof I speak.

Should you waste your time and money on this? Absolutely. It beats working.",Amazon,https://www.amazon.co.uk/portal/customer-reviews/1783526947,United States
5,Yuthana Tantirungrotechai,2018-01-16,Five Stars,This book is great! Full of nice information that can be used to tell students& colleagues. Highly recommended.,Amazon,https://www.amazon.co.uk/portal/customer-reviews/1783526947,United States
5,Amazon Customer,2020-02-08,Fun read,If you are or have been an academic this book gives voice to some suspicions you've probably felt.,Amazon,https://www.amazon.co.uk/portal/customer-reviews/1783526947,United States
5,Brenda Denzler,2019-07-22,Utterly on target!,"A much-needed antidote to my current publication blues. If you don’t laugh, you clearly have never been an academic rat!!!",Amazon,https://www.amazon.co.uk/portal/customer-reviews/1783526947,United States
1,Larry,2020-04-22,Not for me,I am not from the academic world so I did not recognize the humor. I tried to read the entire book but failed.,Amazon,https://www.amazon.co.uk/portal/customer-reviews/1783526947,United States
5,drtmm17,2018-01-10,Anyone in academia will love this.,Hilarious! Truth is definitely funnier than fiction. Anyone in academia will love this.,Amazon,https://www.amazon.co.uk/portal/customer-reviews/1783526947,United States
5,marica cassarino,2018-01-19,A good good good read,"Highly recommended. The best Christmas present I received! Very informative - as an academic I have learned so many interesting things about my own world which I didn't know before - and extremely enjoyable for people who are in and out of academia. Also, a good reminder that higher education can be dramatically (and at times, desperately) funny.",Amazon,https://www.amazon.co.uk/Academia-Obscura-Hidden-Higher-Education/dp/1783523417,United Kingdom
5,Sue Beckingham,2017-12-02,Its full of funny golden nuggets and is a must for every academics ...,This is a book you can dip in and out of over and over and it will leave you with a big smile on your face. Its full of funny golden nuggets and is a must for every academics book shelf. Brilliant visualisations and beautifully laid out. Highly recommend you buy this a gift for yourself!,Amazon,https://www.amazon.co.uk/Academia-Obscura-Hidden-Higher-Education/dp/1783523417,United Kingdom
5,Miss D Roberts,2018-01-24,Excellent read!!,"As the partner of someone who has done a BSc, MSc and is now almost done with their PhD ( since retirement!!), this book made me laugh out loud. It was really enjoyable and well-written, really drawing out the silly side of academia. I loved it! I really bought it for my partner but he is not allowed to read it until his Thesis is submitted!!",Amazon,https://www.amazon.co.uk/Academia-Obscura-Hidden-Higher-Education/dp/1783523417,United Kingdom
5,Emily,2017-11-16,This book will change the way you think of academics,"This book lets you in on so many funny little in-jokes, silliness, and quirky bits of academia, it will leave you smiling and perhaps even Googling to find out more about some unexpected realm of research.

A lighthearted collection that reminds us of the humour and creativity that lies beneath the veneer of seriousness that we often think of as academia. Topics range from the economics of Star Wars to the velocity of penguin poop, so you don't have to be in academia to have a bit of a laugh. And it's a great way to pass the time the next time you're stuck in a boring presentation, too ;)",Amazon,https://www.amazon.co.uk/Academia-Obscura-Hidden-Higher-Education/dp/1783523417,United Kingdom
5,Haydn Jones,2017-12-12,Somewhere between QI and the Ig Nobel Prizes,"Informative and funny. This book lampoons academia at the same time as revealing some of those studies that you just quite like to know. Not just for academics, I think this book can be enjoyed by all. Well written and produced.",Amazon,https://www.amazon.co.uk/Academia-Obscura-Hidden-Higher-Education/dp/1783523417,United Kingdom
5,Dr. Laurence Baldwin,2017-12-29,Hoping to increase my citation rate by being an original supporter...,As an original Unbound supporter my name is the back of this book. Does anyone know how I can get Researchgate to recognise this as a citation? ;-),Amazon,https://www.amazon.co.uk/Academia-Obscura-Hidden-Higher-Education/dp/1783523417,United Kingdom
5,Mr Graham Steel,2017-11-16,I would highly recommended to anyone interested in Academia,"Fascinating, very amusing and well researched book. I would highly recommended this to anyone interested in Academia.",Amazon,https://www.amazon.co.uk/Academia-Obscura-Hidden-Higher-Education/dp/1783523417,United Kingdom
5,View from afar,2017-12-31,Not just for academics...,"You don't need to be an academic to find a lot of this really funny; I read quite a few bits to my family as they kept asking me what I was laughing at. We're still giggling at the Buffalo sentence. It's a relief to find that academics get up to the same kind of daft stuff as the rest of society.

But there's a lot here that will resonate with those who have questioned the logic of what goes on in academia. As I was reading, I often got a sense of 'it's not just me then...'. Almost all of the things that had been niggling at me over the course of my PhD - the ones that you go along with because 'that's how it's done' - have been dissected and ridiculed here: the insane publishing model, the conferences that waste your time and money, the interminable panels, the vindictive peer reviewers and so on. In fact the author would have appreciated the very last conference that I attended, where a keynote (on linguistics) appeared to be an excuse to show slide after slide of close-up penis images. One for the follow-up perhaps?",Amazon,https://www.amazon.co.uk/Academia-Obscura-Hidden-Higher-Education/dp/1783523417,United Kingdom
3,Filip Olšovský,2019-09-29,,Original and funny but still lacking two important elements – at least a slightly stronger narrative and a much more critical approach towards academia as such. It slowly gets there in the end (the chapter on Conferences is brilliant) but that is just not enough. The whole academic field just asks to be criticized as hard as possible and all the cats and dressed rats should be just funny sidenotes.,Goodreads,https://www.goodreads.com/book/show/34602415/reviews,
4,A,2019-10-23,,"The best handbook for all the stupid things academics produce. It is also a life handbook for what happens when governments pay people instead of for-profit companies and people. In other words, we get a lot of waste. At least that waste can be compiled in a book like this and laughed at!",Goodreads,https://www.goodreads.com/book/show/34602415/reviews,
4,Aylin,2023-05-10,,"laugh-out-loud at some points, really quick and lighthearted read! nice way to get out of the second reading slump that i'm in this year :-)",Goodreads,https://www.goodreads.com/book/show/34602415/reviews,
5,Alex Nedelcu,2024-03-05,,I loved it. I am not going to work in academia. Do not quote me on this.,Goodreads,https://www.goodreads.com/book/show/34602415/reviews,
5,Crystel Hajjar,2017-11-29,,"This book is a hilarious account of what academia is about, the goods, the bads, the funs. The second paragraph of this book reads like the first day of my PhD and I am looking forward to see which parallels will be most evident. The book makes a great gift to your PhD friends or if you are a PhD and wanna give people around you an idea of what you do, the book can explain that better than individual attempts (or so it often feels).",Goodreads,https://www.goodreads.com/book/show/34602415/reviews,
,Becky,2020-05-05,,"Very silly, but fairly amusing",Goodreads,https://www.goodreads.com/book/show/34602415/reviews,
3,Maja,2020-06-08,,A fun little tour through the very weird and hilarious side of academics.,Goodreads,https://www.goodreads.com/book/show/34602415/reviews,
4,Garry Benico,2020-08-16,,Just what I need. Some dose of academic humor to keep my brain sane.,Goodreads,https://www.goodreads.com/book/show/34602415/reviews,
4,Sandhya Varadharajan,2020-09-13,,http://sandhya.varadh.com/2020/09/the...,Goodreads,https://www.goodreads.com/book/show/34602415/reviews,
4,Tomas Bella,2019-07-18,,Mildly amusing.,Goodreads,https://www.goodreads.com/book/show/34602415/reviews,
3,Aleksandra,2019-07-26,,It's a funny and all-to-real collection of academic anecdotes - but just that. A collection of semi-related anecdotes.,Goodreads,https://www.goodreads.com/book/show/34602415/reviews,
5,spiacente,2020-01-14,,"I like it a lot. Learnt quite a bit about academia actually, given that I am still an undergraduate student trying to figure my way through this thing.",Goodreads,https://www.goodreads.com/book/show/34602415/reviews,
4,Youssef Mahmoud,2020-05-02,,"I enjoyed it, and certainly I'll come back to it in the future.. it's so so funny.. Academic Obscure is one of my top recommendations for anyone who is or will be in academia",Goodreads,https://www.goodreads.com/book/show/34602415/reviews,
2,Fiona,2018-07-06,,I wanted to like this but I found the style very dull. I didn't finish it.,Goodreads,https://www.goodreads.com/book/show/34602415/reviews,
4,Macarena Martínez,2018-07-28,,Excellent book for those that are interested in Academia. I truly mean this. Academia Obscura is a fabulous collection of anecdotic data that occurs in research with a high sense of humor.,Goodreads,https://www.goodreads.com/book/show/34602415/reviews,
5,Volodymyr Kulikov,2018-12-15,,Great entertaining book.,Goodreads,https://www.goodreads.com/book/show/34602415/reviews,
3,Mariah,2019-02-06,,"Interesting, but reads more as a collection of blog posts than as a book. Hard to focus on (perhaps suitably to its topic) in long strides. Entertaining though!",Goodreads,https://www.goodreads.com/book/show/34602415/reviews,
5,Josephine Xu,2019-08-27,,"Fun!
Perfect for procrastinating. Glad I wasted time and money on this. Interesting and humorous perspectives of the academia and reminded me of all the good times and the not so good times of academic life.",Goodreads,https://www.goodreads.com/book/show/34602415/reviews,
4,Javier Bustos,2018-01-03,,"sometimes funny 
sometimes a brick",Goodreads,https://www.goodreads.com/book/show/34602415/reviews,
5,Thomas Pentecost,2018-04-12,,"Absolutely hilarious. I love the blog and this is the blog on steroids. If you are in academia this will help you take yourself less seriously. Love it love it love it!,,,",Goodreads,https://www.goodreads.com/book/show/34602415/reviews,
,Debi Roberts,2017-12-02,,"Glen Wright states that his primary goal in the writing of this book was increasing procrastination - and here he certainly has succeeded. I've barely achieved anything in the 24 hours I have had the book!

Having followed @academiaobscura on Twitter for a long time - I couldn't help but get involved in the crowdfunding that brought this book to life (there, I paid money to get this book out there!) and it does not disappoint in any way.

This is an irreverent look at the inherent humour, craziness and borderline insanity that runs rampant through the academic world. I have laughed out loud at many of the tales contained within and I think the people around me who have had to hear me quote passages from the book are trying to decide whether to read it themselves or just tape my mouth up!

An excellent read for anyone (with a sense of humour) involved in academia!",Goodreads,https://www.goodreads.com/book/show/34602415/reviews,
,Margaret,2018-02-28,,"I first came across this book via the Twitter account @AcademiaObscura. This is an account that points out the lighter, sometimes absurb, often downright freaking oddball, aspects of life as an academic.

Now I have several academic friends and I have listened to their tales of woe (and student ignorance) at length. Not to mention the fact that I aspired to the academic life myself, though due to circumstances, was unable to reach it. Hell, my English teacher and I already had the title of my first paper worked out! Watership Down: Rabbits and the Traditional Arthurian Quest Motif. The thing is, after reading this book, that putative paper sounds sane and sensible!

I frequently laughed aloud at the sheer ridiculousness of some of the papers mentioned in the book. The scary thing is that the majority were science papers! Though most of the laughs came from the comfortable style, and quirky comments and footnotes of author Glen Wright.

WARNING: This is one book where you MUST read the footnotes. You will miss too much if you don't. Hell, the footnotes alone are worth the price of the book.

A must read for anyone who is an academic, knows an academic, aspires to be an academic, or has a twisted sense of humour.

Now, if you'll excuse me, I think I'll sit here and give some serious thought to actually writing that paper.",Goodreads,https://www.goodreads.com/book/show/34602415/reviews,
,Graham,2018-09-01,,"ACADEMIA OBSCURA is less a book, more a collection of mildly diverting and amusing blog posts writtne over a number of years on the subject of the sillier side of academia. Thus the focus is very much on ridiculously-titled papers and theses with odd subject matters. The tone is conversational and down-to-earth, but the presentation is rather poor and the short chapters on each topic make this feel very repetitive and more than a little dull.",Goodreads,https://www.goodreads.com/book/show/34602415/reviews,
,Joey,2024-09-24,,"My audible chuckle to a book ratio is rather low, but this book messed up this statistic. You will enjoy it more if you have had anything to do with the academic circles and understand how universities or colleges operate, but the anecdotes are objectively funny.
Overall a fun and witty read.",Goodreads,https://www.goodreads.com/book/show/34602415/reviews,
,Cassandra,2019-07-28,,I laughed and laughed and laughed.,Goodreads,https://www.goodreads.com/book/show/34602415/reviews,
,Athan Tolis,2018-03-17,,"My buddy Jerome and I (separately) read Liar’s Poker in the summer of ’90 so we both ended up at Salomon Brothers a year later. The place was packed with people like us who did not mind wasting their youth trading bonds, because (i) the money was good and (ii) childish behavior was, if anything, encouraged.

We knew we were living in some kind of golden age of misbehaving, so we started compiling a “fun file” of internal memos, emails, company results, axe sheets and publications that we hoped to publish one day. I left in ’97, Jerome in ’99 and the fun file was passed on to our wiser friend Stefan, who retired well before his 50th birthday and intends to publish!

“Academia Obscura” is not quite as good as the original Viz Profanisaurus that is to be found in our fun file, but is an extremely thorough compendium of hilarious factoids relating to the much more serious world of academia.

It’s laugh-out-loud funny.

Personal favorites were the author’s views on self-citation (p. 153) and his presentation of important findings regarding socks (p. 177). Before reading this book I’d mistakenly adopted the view it was gentlemen who are meant to always keep their socks on.

On the other hand, the author tweets the very best bits all the time, and I follow him, so this was a bit like when I went to see “Clerks” and my friend Nick had already told me about the kid that bought the cigarettes, the girl who was allowed to “do everything” by the dead man and “I’m your friend, I got you chicks with…”

So basically, if you already follow Academia Obscura on Twitter, you’ve already read the funniest bits. Then again, if you follow it you probably want to keep all those treasures in one place and a good, old-fashioned book is as safe a way as I know to keep it all in one place. It’s why I've kept my Profanisaurus, at any rate…",Goodreads,https://www.goodreads.com/book/show/34602415/reviews,
,Bogdan Antonescu,2017-11-21,,"A funny and interesting book about the ""hidden silly side of higher education"" (Wright 2017). Topics range from ""Academic Publishing"" (e.g., ATLAS Collaboration& Collaboration 2015 has 5,154 authors, 9 pages discussing the findings, and 24 pages listing the authors and their affiliations), and ""Impact & Outreach"" (e.g., Kardashian Index, Hall 2014, my K-index is 6.679 = ""Kardashian""...), to ""Conferences"" (e.g., conference bingo, an excellent activity that keeps you engaged and awake at conferences), and ""Academic Animals""** (e.g., Hetherington and Willard 1975).
Decision: highly recommended.",Goodreads,https://www.goodreads.com/book/show/34602415/reviews,
,Simon Curling,2018-02-11,,"This book is a dip into the rather strange world of academic life, and is probably best appreciated by someone working in that environment. The author is an academic trying to finish his PhD and has taken a few of the weird things he has come across and made it into a blog and book. It covers the strangeness that is academic publishing, paper production (including the number of cats named as authors!), conferences and academic life in general. Interesting but a bit niche to say the least.",Goodreads,https://www.goodreads.com/book/show/34602415/reviews,
,Kat,2017-12-18,,"I had no idea academia could be quite so weird and surprising, and sometimes laugh out loud funny. This book is super entertaining, even for a non-academic like me, and I think it's a must-read for anyone in academia with a sense of humor.",Goodreads,https://www.goodreads.com/book/show/34602415/reviews,
,Emilie Champagne,2017-11-30,,"A funny book about academia, with all sorts of fun fact, stupid or weird stories. Just what you need to relax, when the day in this system is just too much.",Goodreads,https://www.goodreads.com/book/show/34602415/reviews,
,José Luis,2019-09-06,,"Livro divertido, expõe as mazelas da vida acadêmica. Casos e exemplos de que já ouvimos falar, com abundante bibliografia de suporte. Diversão garantida",Goodreads,https://www.goodreads.com/book/show/34602415/reviews,
,Cos,2023-01-07,,A book that shows the oddness of academia and is an entertaining read,Goodreads,https://www.goodreads.com/book/show/34602415/reviews,
,Axiel,2019-01-17,,"Very few books make me burst in laughter, loudly, with a shake off my chest.
This is one of them. Cannot recommend enough.",Goodreads,https://www.goodreads.com/book/show/34602415/reviews,
5,Savyasachee,2018-07-31,,"Are you an academic? Locked in an ivory tower? Do you have a sense of humour? Pick this book up. An entertaining read about the idiosyncrasies of Homo academicus, this book will definitely brighten up your day. The writer, a PhD student himself, talks about a wealth of topics. Conferences, cats, Shakespeare in science, plagiarism, originality, wit, witticisms, the Oxford comma, nearly everything academics go crazy on has a place in this book.

The slightly dry, whimsical tone of the book really sets the tone for an enjoyable jaunt through academic-fantasy-land. The author does everyone a favour by not taking the subject matter too seriously. Instead, there's open laughter at the number of ""Fuck""s published in literature (more than you'd think) and the number of ""Cunt""s (none, to the author's surprise), the various reasons academic papers have been rejected, and of course, the one in a million attempts at cartoonishly falsifying data and getting caught.

Keeping to the best traditions of academic publishing, the author liberally sources his work. I must admit I didn't glance through the sources too keenly, so I cannot say whether there's any Easter Eggs hidden in the text or not. I wouldn't be surprised if there were, though. Some day, I'd like to sit down and comb through the sources with a fine-toothed comb and try to see if I can find something to email the author about.

And the best bit about it all? The author is a fellow PhD student! An easy 5/5, would recommend if you have a sense of humour, and would recommend even if you don't. This book will go some ways in developing it yet!",Goodreads,https://www.goodreads.com/book/show/34602415/reviews,
,manka,2019-10-01,,"I've put a link to the IT Crowd's ""internet is in this black box"" into my Bachelor's thesis. The video was totally unrelated to my topic.

I've quoted the most famous (and fictional) Czech's play in my Master's thesis. The quote was totally unrelated to the topic.

This was the right book for me. The only question is whether I'll be able to get a penguin to my next paper and how long till I get a cat so it could be my co-author.

I might have forgotten to mention this before: I've just started a PhD. There's one thing I don't understand, now: how come there are people attempting to get / who got a PhD that didn't read this book.",Goodreads,https://www.goodreads.com/book/show/34602415/reviews,
,Melody Schwarting,2019-04-21,,"I bought this on a lark (I think I was purchasing the next semester's textbooks) and it has been a rollicking ride. Beware that it's really about scientific academia--only a few references to the humanities and other disciplinary fields--but it's hilarious all the same. My husband, a research scientist, found it uproarious. I, a non-scientist, deeply enjoyed it. You'll laugh out loud for sure. I definitely recommend it for impostor syndrome and scholarly blues.",Goodreads,https://www.goodreads.com/book/show/34602415/reviews,
,Henry Percy,2020-02-26,,"Summary of some of the stupidist academic research. Author too clever by half. We don't need his ""witty"" comments telling just how ridiculous the research is. Just the facts, please. Tedious, though it has moments.",Goodreads,https://www.goodreads.com/book/show/34602415/reviews,
,Rada,2022-02-13,,"One of the most hilarious books I’ve ever read — I guess one’s situation (eg, academic life, in this case) is always the best target for sarcasm and fun.",Goodreads,https://www.goodreads.com/book/show/34602415/reviews,
,JY Tan,2022-12-04,,"This is a fundamentally niche book that will only appeal to academics and those that are on the fence. But to this niche audience, the irreverent writing tone is sorely needed as it communicates two messages that is largely needed: 1. academia is not mysterious and occupied by very real and flawed human beings, 2. academia is often just flat out absurd.

For me this book was entertaining and occasionally thought provoking. The compilation of trivia regarding all things academic made me more comfortable with my work and the community I work in, and in some small ways showed me how can I engage my work more fully and creatively.

The biggest shortcoming of it all is that it does not seem to have a coherent story. The author is frank about this, that ultimately Academia Obscura is really a side hobby that got too serious and accidentally cumulated in a book (like many doctorates and academic careers..). It jumps from proper history of academic writing, publications, and intricacies of going for conferences, to obscure facts about pranks and cats in academia. As a consequence, for how relevant the content is to me personally, this book ends up sadly rather forgettable. I will be reminded of cute facts of the work occasionally, but I don't think I will have more than a few tidbits to share to others if asked 'what stood out to you from this book'.

There is a part of me is of the opinion that this does not need to be a book, staying as a compilation of obscure facts will do the trick. But reading all of this as a whole book achieves something more: it affirms the message that there is something fundamentally flawed and insane about academia, and as we lack proper solutions to these deep seated issues, the best we can do is to sprinkle a fair bit of humor and lightheartedness on top of it all.",Goodreads,https://www.goodreads.com/book/show/34602415/reviews,
5,Stephen Stewart,2018-12-14,,"Academia Obscure by Glen Wright explores the hidden humorous, bizarre and unexpected side of academia, looking at topics ranging from academics' love of their pets (and publishing with them too) to all the Easter eggs hidden in published articles. Just having finished by first semester of my PhD, this book was poignant (""publish or perish"" is a mantra I've heard several times already) and hilarious with all the things I can do in the future. This book shows that humor is important to hold onto during the rigor of academia, and I think Wright's book does an excellent job showing the hidden silly side of higher education. I'm definitely passing this book to the rest of my cohort.",Goodreads,https://www.goodreads.com/book/show/34602415/reviews,
,Wouter,2019-03-25,,"An excellent read if you want to have a quick laugh at weird people like academics. The sheer brilliance of weirdness made me chuckle out loud more than once. It's funny and quite sad at the same time, and causes me to doubt whether I want to stay in that world or not. Every sector has it's shortcomings and Glen points us towards weird teaching methods, goofy experiences and the use and misuse of publications. It was over too quick, and I doubt I'll remember much after a few months. Amusing but forgettable.",Goodreads,https://www.goodreads.com/book/show/34602415/reviews,
,S.,2019-05-21,,"Apart from learning some insolite things about Academia, I hold this book in high esteem of being a great punny introduction to what it looks like doing research with an optimistic attitude...

In my case, maybe I should mention this book as a co-author as well, since it brought me laughter and peace essentially needed to undergo any writing process...

""I implore you to own this insanity. Send a silly academic tweet, study an improbable topic, or include a humorous reference in your next paper.""",Goodreads,https://www.goodreads.com/book/show/34602415/reviews,
2,Gerda,2019-05-29,,"This was a collection of modern academia related anecdotes. It wasn't bad, but I imagined something different when I bought it. I thought it would be more historical and, well, obscure.
The writing was OK, but the structure could have been better. It was broken down into sections with no real connection between then, except (I guess) that academia can be kind of funny.
I enjoyed some sections more and some less (the twitter section was so bland and redundant I almost stopped reading the book entirely).",Goodreads,https://www.goodreads.com/book/show/34602415/reviews,
,Asta,2025-08-13,,"Recommended for academics, especially those who don't take themselves too seriously.
Light and funny read.
With lots of references, as appropriate.
And lots of footnotes - not to miss!

""Lightening up has the brilliant benefit of making academia interesting and accessible, and you don't necessarily even need to be that witty or clever to capture people's imagination.""

""I hope that I have at least inspired you to embrace humour in your work and to take academia a little less seriously.""",Goodreads,https://www.goodreads.com/book/show/34602415/reviews,
,Vinko Culjak Mathieu,2018-02-01,,"Wright's Academia Obscura is a hilarious examination and response to the 'sillier side of higher education'. It highlights the little things that make academia enjoyable and also maddening. It brings to light many problems in academia with a light hearted tone but still gets the reader to think about those problems. A thoroughly enjoyable book that everyone should read, especially those contemplating a career in academia.",Goodreads,https://www.goodreads.com/book/show/34602415/reviews,
,Ximara,2018-09-30,,"Skvělá knížka. Každý, kdo chvíli studoval na jakékoli univerzitě, musel záhy zjistit, že univerzita je úplně jiný vesmír. A to ne jenom kvůli velkému rozdílu mezi střední a vysokou školou, ale především kvůli (díky?) akademikům. Autor humorně, a zároveň odborně rozebírá celý průběh „akademického života“ od publikování přes konference po Twitter. I když jsem četla knihu na můj vkus dlouho, zamilovala jsem si ji. Jistě ji ocení fanoušci komiksu PhD (Piled Higher and Deeper).",Goodreads,https://www.goodreads.com/book/show/34602415/reviews,
,Maria Rigaki,2017-12-21,,"I absolutely enjoyed this book. It gives an insight on the funny and sometime silly side of academia with footnotes and full references while at it! Although it is about academia, one does not have to be an academic to enjoy this book.",Goodreads,https://www.goodreads.com/book/show/34602415/reviews,
,thefoliofiles,2018-12-16,,"If you are connected to the academia in any way (researcher, student, publisher, family of...), this is a wonderful look into its oddities and eccentricities.
The one book (barring Terry Pratchett's) where I read all the footnotes.",Goodreads,https://www.goodreads.com/book/show/34602415/reviews,
4,Carissa Gomes,2019-05-04,Really interesting read even for a non-academic,"It was absolutely informative and amusing. I shared the information acquired with all my friend, Albeit weird. Looking for a part two.",Goodreads,https://www.goodreads.com/book/show/34602415/reviews,
2,Debbie Maclellan,2019-07-31,Did not meet expectations.,"Although there are a few funny anecdotes in this book, in general it is not ver funny. I am not sure why there are so many footnotes and why each section of footnotes begins in the same way.",Goodreads,https://www.goodreads.com/book/show/34602415/reviews,
